MQ_name,R0
MQ2,0.06958907581882753
MQ135,1.0489675903153524
MQ131,0.02749372615839486
2SH12,48.068148756397726
